Id,ORGANIZATION,NAME,GENDER,SPECIALITY,ADDRESS,CITY,STATE,ZIP,UTILIZATION
af944a62-54d2-4af0-b441-255e7f399cd2,ef58ea08-d883-3957-8300-150554edc8fb,Noe500 Dibbert990,M,GENERAL PRACTICE,60 HOSPITAL ROAD,LEOMINSTER,MA,01453,33568
66105bcb-96ef-4289-b1fb-996c631e5ea2,69176529-fd1f-3b3f-abce-a0a3626769eb,Mariam937 Gleason633,F,GENERAL PRACTICE,330 MOUNT AUBURN STREET,CAMBRIDGE,MA,02138,57842
e164c630-bacb-47e3-81d3-6821b8f5d112,5e765f2b-e908-3888-9fc7-df2cb87beb58,Dagny669 Schoen8,F,GENERAL PRACTICE,211 PARK STREET,ATTLEBORO,MA,02703,72109
9cdc032d-fcad-4aef-a5ef-b42626e9c34e,f1fbcbfb-fcfa-3bd2-b7f4-df20f1b3c3a4,Tyron580 Torphy630,M,GENERAL PRACTICE,ONE GENERAL STREET,LAWRENCE,MA,01842,66339
3880a375-efa5-456b-bcdf-b5aee0280512,e002090d-4e92-300e-b41e-7d1f21dee4c6,Loren192 Fay398,M,GENERAL PRACTICE,1493 CAMBRIDGE STREET,CAMBRIDGE,MA,02138,57789
972569cd-0a7c-4011-b464-f993acc19527,ef6ab57c-ed94-3dbe-9861-812d515918b3,Stanford577 Leannon79,M,GENERAL PRACTICE,88 LEWIS BAY ROAD,HYANNIS,MA,02601,20948
9e76db83-401c-41a2-bb92-dfbbbd1ce00f,49318f80-bd8b-3fc7-a096-ac43088b0c12,Antonia30 Stark857,M,GENERAL PRACTICE,30 LOCUST STREET,NORTHAMPTON,MA,01060,22084
e56c613d-fa17-40a0-86fd-0c4df3c4783a,fbf6180e-b800-3ebe-b91d-93d0288c400e,Pandora807 Weissnat378,F,GENERAL PRACTICE,164 HIGH STREET,GREENFIELD,MA,01301,18744
133c2db5-a722-416a-8a80-80ff07588791,8b58cdd1-3d79-3126-8fe0-da2c54d6805c,Felicitas300 Kub800,F,GENERAL PRACTICE,2100 DORCHESTER AVENUE,BOSTON,MA,02124,19366
b9258d11-b505-4360-bb0c-53d5d0167395,4bdaa4c2-c664-3089-aee2-7137abbad27f,Rashad361 Maggio310,M,GENERAL PRACTICE,100 SOUTH STREET,SOUTHBRIDGE,MA,01550,31800
32ab154d-e344-4dbb-947b-75a6b39374ea,ecc51621-0af3-3b35-ac3e-8b1e34022e92,Isaac321 Upton904,M,GENERAL PRACTICE,795 MIDDLE STREET,FALL RIVER,MA,02721,43646
e69d1ea5-df9d-438c-ae21-0e8e2c6f3ac2,5d4b9df1-93ae-3bc9-b680-03249990e558,Keeley419 Yundt842,F,GENERAL PRACTICE,575 BEECH STREET,HOLYOKE,MA,01040,26114
6b8b6338-104a-4967-addd-c58328661f6d,37b4d73f-652d-3033-a16e-d97b9e8b4cda,Annette105 Legros616,F,GENERAL PRACTICE,25 HIGHLAND AVENUE,NEWBURYPORT,MA,01950,47358
d3207865-f5c0-48d9-abe7-de194000deb4,5844ad77-f653-3c2b-b7dd-e97576ab3b03,Avery919 Muller251,M,GENERAL PRACTICE,40 WRIGHT STREET,PALMER,MA,01069,10968
53b87a2b-3ec4-43ee-8a7d-9a3a985507e8,08bcda9c-f8c8-3244-82d4-fc306a7a55d3,Del587 Williamson769,M,GENERAL PRACTICE,1 BOSTON MEDICAL CENTER PLACE,BOSTON,MA,02118,18456
a760d144-9a5e-46c0-ba48-ac074d6ec597,37c0de84-bcaf-3624-82bf-a89b2ac441b8,Erlinda993 Franecki195,F,GENERAL PRACTICE,85 HERRICK STREET,BEVERLY,MA,01915,76360
27e54c50-adaf-4fb0-a94c-02c16784a565,4861d01f-019c-3dac-a153-8334e50919f9,Sharyl439 Hilpert278,F,GENERAL PRACTICE,81 HIGHLAND AVENUE,SALEM,MA,01970,151371
4f4ec162-a88e-4895-af08-81fcda3a9cf2,a0b6ec0c-e587-3b2a-bf9f-248849f29ee5,Maryjo280 Osinski784,F,GENERAL PRACTICE,736 CAMBRIDGE STREET,BRIGHTON,MA,02135,20771
6fd3e924-1491-4842-82f8-04c4bca92769,4f3a530e-a2f7-3de0-9a09-c0a70a9ab894,Lloyd546 Effertz744,M,GENERAL PRACTICE,725 NORTH STREET,PITTSFIELD,MA,01201,28062
ef8e578b-459f-4de8-a6ac-6679bb780d64,f71ce1a9-cca7-3295-9a1e-c88ac3479b6f,Giovanni385 Greenfelder433,M,GENERAL PRACTICE,157 UNION STREET,MARLBOROUGH,MA,01752,24889
b91035d2-918c-4ee7-a3aa-0ba444bfb8c6,c44f361c-2efb-3050-8f97-0354a12e2920,Barry322 Nicolas769,M,GENERAL PRACTICE,680 CENTER STREET,BROCKTON,MA,02302,84013
a89396d6-28b3-4ac6-9ba3-cc0a9673067e,331f4c11-d298-308b-aaa1-d7825b29b57f,Janean397 Walsh511,F,GENERAL PRACTICE,201 HIGHLAND STREET,CLINTON,MA,01510,20258
10a68da7-909b-46bb-a515-cdbaeae7bbea,b1ddf812-1fdd-3adf-b1d5-32cc8bd07ebb,Maricarmen445 Partida347,F,GENERAL PRACTICE,275 SANDWICH STREET,PLYMOUTH,MA,02360,55752
f37aa9a5-d69d-4195-9303-5c84bcc7b516,6be05ccf-ef94-341f-a2a3-1cf9bfde1b18,Racquel201 Hegmann834,F,GENERAL PRACTICE,107 LINCOLN STREET,WORCESTER,MA,01605,38391
525987a3-43cf-43d8-859f-b97c8bf08265,b0e04623-b02c-3f8b-92ea-943fc4db60da,Ignacio928 Towne435,M,GENERAL PRACTICE,295 VARNUM AVENUE,LOWELL,MA,01854,94890
466a7fb9-f99b-4b9f-9a6d-78f73d2c22e3,ebc3f5c4-6700-34af-8323-85621c313726,Cecil300 Wisozk929,F,GENERAL PRACTICE,115 WEST SILVER STREET,WESTFIELD,MA,01085,45423
e21667ae-a968-4e05-82e1-bad9a603bcda,fd328395-ab1d-35c6-a2d0-d05a9a79cf11,Peggie783 Bradtke547,F,GENERAL PRACTICE,271 CAREW STREET,SPRINGFIELD,MA,01104,40927
333339b2-f9a9-4a9d-9570-3a0c04f05ddc,d692e283-0833-3201-8e55-4f868a9c0736,Lane844 Jacobi462,M,GENERAL PRACTICE,585 LEBANON STREET,MELROSE,MA,02176,170651
75b90ce7-e683-4ac1-8234-dc31e0efaab3,d78e84ec-30aa-3bba-a33a-f29a3a454662,Carol737 Weimann465,F,GENERAL PRACTICE,55 FRUIT STREET,BOSTON,MA,02114,13156
712fe0c9-116a-4230-8a54-e796c1d6cdba,8ad64ecf-c817-3753-bee7-006a8e662e06,Jonah176 Schroeder447,M,GENERAL PRACTICE,88 WASHINGTON STREET,TAUNTON,MA,02780,66004
31962402-ba6b-4c38-b2df-0944314e94a6,23834663-ed53-3da9-b330-d6e1ecb8428e,Miquel905 Hettinger594,M,GENERAL PRACTICE,363 HIGHLAND AVENUE,FALL RIVER,MA,02720,42573
950dd96c-62ce-4751-98c0-ea5791024455,44bef9d3-91c2-3005-93e0-ccf436348ff0,Sara501 Angulo494,F,GENERAL PRACTICE,243 CHARLES STREET,BOSTON,MA,02114,21081
f33e0e5f-b6c1-4aca-a3cd-9778e7cf7ac8,60457c13-adb2-3415-82c5-86ab5dab5f93,Shonta375 Sanford861,F,GENERAL PRACTICE,759 CHESTNUT STREET,SPRINGFIELD,MA,01199,52510
edab6484-1fff-470d-9f92-3bc9a3a411a1,a9f20dc1-5147-3789-bcef-bbecb41c5983,Harrison106 Blick895,M,GENERAL PRACTICE,70 EAST STREET,METHUEN,MA,01844,57976
76f21d80-1a33-4d1d-968b-ec7219b66116,7fb56531-86bd-3e4a-8619-4df9942da309,Dolly486 Morissette863,F,GENERAL PRACTICE,148 CHESTNUT STREET,NEEDHAM,MA,02494,22035
7cfaceed-99e5-44b0-82a6-bf30664f5d0f,03347b4d-994e-302b-848b-58019a4e274d,Samuel331 Predovic534,M,GENERAL PRACTICE,133 OLD ROAD TO 9 ACRE CORNER,W CONCORD,MA,01742,47090
da8bb903-49e6-48d6-b65d-ee4562713f98,cb6a50e0-af76-3758-99ad-3200ede03fff,Macie339 Bauch723,F,GENERAL PRACTICE,330 BROOKLINE AVENUE,BOSTON,MA,02215,19541
15c050b9-2ec7-45f9-8a6a-6903878ad617,9a7149fa-49fc-3c87-b935-d29c55808717,Jeri234 Hansen121,F,GENERAL PRACTICE,125 PARKER HILL AVENUE,BOSTON,MA,02120,19865
88bb650a-e1ec-4be1-9463-356a7240ad4c,24cb4eab-6166-3530-bddc-a5a8a14a4fc1,Wynell591 Olson653,F,GENERAL PRACTICE,14 PROSPECT STREET,MILFORD,MA,01757,53864
fb57a58e-b020-45cd-8ace-be4b1407e1e0,e44f438a-601b-30fb-85eb-bfaf8ddcb5ad,Shauna908 Lindgren255,F,GENERAL PRACTICE,242 GREEN STREET,GARDNER,MA,01440,39411
0980f707-bd40-41ec-8ceb-c0e9efeaca8e,ac8356a5-78f8-3a63-8a1e-59e832fd54e7,Rex53 Bode78,M,GENERAL PRACTICE,200 GROTON ROAD,AYER,MA,01432,42768
a0f2e8f7-9cff-48b1-af9a-bf762a2828e8,db0acede-4abe-3c01-8d03-5c68a190d8c7,Deidre679 Hoeger474,F,GENERAL PRACTICE,55 FOGG ROAD,SOUTH WEYMOUTH,MA,02190,17998
822e2dc0-7603-4571-851c-225366d8aaa9,3d10019f-c88e-3de5-9916-6107b9c0263d,Rebecca981 Labadie908,F,GENERAL PRACTICE,2014 WASHINGTON STREET,NEWTON,MA,02462,68809
12e6abee-4c93-4100-8f38-b64a5ab0faf4,f4e7709c-02f6-37ca-aeea-8247d74e88e7,Andre610 Schneider199,M,GENERAL PRACTICE,41 HIGHLAND AVENUE,WINCHESTER,MA,01890,85628
7c3201d5-5f17-48de-b0d4-c0c50e5cf2d3,12c9daf5-a29c-36c9-ac55-28972463e566,Charisse42 Heathcote539,F,GENERAL PRACTICE,199 REEDSDALE ROAD,MILTON,MA,02186,22639
f4cb5c36-8572-4d99-8ad6-64783a8ff6bd,27379046-608b-32f0-9df7-8c833cf5d11d,Willis868 Emard19,M,GENERAL PRACTICE,75 FRANCIS STREET,BOSTON,MA,02115,28155
37ab3ba2-e538-4e66-93f2-e855e110600f,226098a2-6a40-3588-b5bb-db56c3a30a04,Cedrick207 Runte676,M,GENERAL PRACTICE,235 NORTH PEARL STREET,BROCKTON,MA,02301,89596
7404f268-d869-4d09-9930-eb3dd00302b7,b7175ab4-bde5-3848-891b-579bccb77c7c,Georgann131 Beer512,F,GENERAL PRACTICE,800 WASHINGTON STREET,BOSTON,MA,02111,23613
9f8389df-a6f9-408b-bcb0-4d4efe6bb4be,d733d4a9-080d-3593-b910-2366e652b7ea,Blake449 Deckow585,M,GENERAL PRACTICE,1153 CENTRE STREET,BOSTON,MA,02130,20089
7d90e380-3b2d-4d95-b14e-63343b1ab6bd,3bd5eda0-16da-3ba5-8500-4dfd6ae118b8,Monica757 Kshlerin58,F,GENERAL PRACTICE,800 WASHINGTON STREET,NORWOOD,MA,02062,54156
b6d3c0fd-87c2-4816-bf9a-9cb73862940b,d5117822-5756-389d-9547-891a372d580f,Johnson679 Schmitt836,M,GENERAL PRACTICE,67 & 100 TER HEUN DRIVE,FALMOUTH,MA,02540,56979
8e784bce-d0d9-4d0c-8c34-45dc0134be52,f99c74cc-7d1a-3f95-9a33-4a9357bf2f2a,Elroy493 Brakus656,M,GENERAL PRACTICE,55 LAKE AVENUE NORTH,WORCESTER,MA,01655,47374
92251f99-1b56-4c3c-9e70-ce1fa31027c9,6f122869-a856-3d65-8db9-099bf4f5bbb8,June482 Kassulke119,F,GENERAL PRACTICE,41 & 45 MALL ROAD,BURLINGTON,MA,01803,54031
9895e6ba-0566-4629-be9c-842dc01f06f3,465de31f-3098-365c-af70-48a071e1f5aa,Elizbeth263 Ratke343,F,GENERAL PRACTICE,115 LINCOLN STREET,FRAMINGHAM,MA,01701,81909
6a98ada6-1453-4dec-8d5c-ec028022c59c,1eaf97fa-9de6-38de-a9c4-6efe5dc574be,Quentin28 Beahan375,M,GENERAL PRACTICE,123 SUMMER STREET,WORCESTER,MA,01608,39964
56c78512-b809-4022-9fe9-0b56c279956e,80e919cc-df1a-3838-b75e-541564a286e5,Javier97 Garrido242,M,GENERAL PRACTICE,57 PROSPECT STREET,NANTUCKET,MA,02554,15887
f5888c11-384f-4337-8bfc-6b6cfd374f69,8e00f524-3a5f-313e-9542-378dfc61193f,Ned189 Pagac496,M,GENERAL PRACTICE,ONE HOSPITAL ROAD  FIRST FL  WING 5   PO BOX 1477,OAK BLUFFS,MA,02557,2178
c628c6c1-2ff2-4af9-94cc-9b227bf3062d,56e0b3b3-4fac-3776-8fc9-7b465eb2fc17,Albina13 Rosenbaum794,F,GENERAL PRACTICE,29 LEWIS AVENUE,GREAT BARRINGTON,MA,01230,4196
3448ec0f-1858-4936-9f16-509bea234741,161a799c-4894-36f6-8ca7-2a71c8107f79,Lilliana632 Brakus656,F,GENERAL PRACTICE,2033 MAIN STREET,ATHOL,MA,01331,15757
2d3bad62-8756-41c1-88c8-0e6e2e0c8652,956ccb85-bea0-30f9-af48-52f5dd95ff72,Waldo53 Deckow585,M,GENERAL PRACTICE,30 WARREN STREET,BRIGHTON,MA,02135,17328
094d5802-471b-4d7a-89dc-1f03d2c7b034,d7b11827-25f2-350b-bcd8-939fc59851b0,Levi940 Reichert620,M,GENERAL PRACTICE,300 LONGWOOD AVENUE,BOSTON,MA,02115,19949
ca96fd1b-66f7-4363-b1d2-34abb2b734b6,5103c940-0c08-392f-95cd-446e0cea042a,Terrance440 Schultz619,M,GENERAL PRACTICE,516 CAREW STREET,SPRINGFIELD,MA,01104,43185
60a450ae-ab5d-40a7-a7a2-d27733d28fdf,ff9863d3-3fa3-3861-900e-f00148f5d9c2,Aubrey96 Corkery305,M,GENERAL PRACTICE,51 BLOSSOM STREET,BOSTON,MA,02114,22599
539ad2d8-a5bc-4a71-977a-ee941cffcbf9,72a10c1a-ee7c-3a01-97b1-33f63244c13e,Carlotta746 Kerluke267,F,GENERAL PRACTICE,200 Springs Rd.,Bedford,MA,01730,38
50bf53dd-8d3a-41d4-a44d-47773aa0ce98,1bd44727-a8e3-322d-9c14-a5c529d6ce6d,Sylvester827 Mann644,M,GENERAL PRACTICE,940 Belmont Street,Brockton,MA,02301,3
214a3730-7087-4cee-b428-77bada70236f,be4c63f3-8d38-3fa9-a183-62045b5c85f6,Mickey576 Streich926,M,GENERAL PRACTICE,150 South Huntington Avenue,Jamaica Plain,MA,02130,5
12c01b94-d49b-4bd1-a428-7e391a6ea4aa,05462bf2-25d4-3ecd-afdf-bb3e1140929a,Kathern391 Simonis280,F,GENERAL PRACTICE,251 Causeway St.,Boston,MA,02114,337
ba743649-ead0-4804-ae78-2593dc38b21a,5259a506-b80b-3ed5-9c30-83188eabf33e,Sherie778 Kirlin939,F,GENERAL PRACTICE,881 Main Street,Fitchburg,MA,01420,11
d7fc0f71-ad25-4df2-be01-4c671a803b29,53b25c4b-e95f-3dd1-8e69-d427cdd83631,Maura912 Littel644,F,GENERAL PRACTICE,61 Lincoln Street  Suite 112,Framingham,MA,01702,337
ed011e6a-33de-4367-a0d6-07053e467297,f95eebbf-70d7-385e-8e4c-748c79c6d644,Delma583 Stracke611,F,GENERAL PRACTICE,199 Main Street,Gloucester,MA,01930,142
3f72c525-d991-4d8b-b45d-3d2f2181fe31,c1c0c43e-ca87-3ee5-9549-be3f28afde81,Amira620 Cruickshank494,F,GENERAL PRACTICE,143 Munson Street,Greenfield,MA,01301,18
7a63fdf3-652a-41f6-aac7-509a9cc13d32,e0c85f99-d520-3f26-8dcd-cfbf172afc5a,Luther918 Grant908,M,GENERAL PRACTICE,108 Merrimack St.,Haverhill,MA,01830,169
bad82519-16b1-4928-bcbc-84ca92cd9f9d,ed146054-9dd5-3f0b-83df-d29d983039c3,Hal307 McGlynn426,M,GENERAL PRACTICE,233 Stevens St,Hyannis,MA,02601,103
6aadfce3-4337-49ea-a526-c35233fd0e17,8881e3ee-e915-31b3-867f-8e2fbe41e887,Serina556 Adams676,F,GENERAL PRACTICE,225 Boston Road  Suite 107,Lynn,MA,01904,812
42840a27-0e98-4689-994f-a0a43be0a490,0b78995f-8b45-34d3-969d-afcc456bb1c7,Isaura563 Lynch190,F,GENERAL PRACTICE,175 Elm Street,New Bedford,MA,02740,197
38b1284e-7a93-45d0-bda3-b2240ce9c988,de7eebed-6d89-3e62-b8d3-59d80c664399,Danielle72 Stamm704,F,GENERAL PRACTICE,73 Eagle Street,Pittsfield,MA,01201,5
7640c8fd-ee09-4354-9e26-83d57464cde7,cb72194a-b1fd-3089-afb6-cb8bb61f4f9c,Phylis163 Witting912,F,GENERAL PRACTICE,116 Long Pond Road,Plymouth,MA,02360,107
c1f00436-d5c4-4586-a5f2-3e825176f3a3,18f774ab-db01-37ba-95c4-44c4eab47089,Lina528 Glover433,F,GENERAL PRACTICE,110 West Squantum Street,Quincy,MA,02169,276
6d11488e-572d-46e4-922d-30aa33a8164c,37eb7694-de8f-3407-b95f-1a6a31fb0f6a,Carylon722 McLaughlin530,F,GENERAL PRACTICE,25 Bond Street,Springfield,MA,01104,325
5868fa58-3fd7-444d-a906-bf13e73affd1,d311e70d-86e7-3c03-b115-53892bcf7ef1,Tyisha680 Toy286,F,GENERAL PRACTICE,605 Lincoln Street,Worcester,MA,01605,223
834fb12c-cda3-49ca-aa6c-4588dc63335e,3fbe3da9-8e41-3118-a253-7e2d1b46480f,Jody426 Gutmann970,M,GENERAL PRACTICE,1041L Pearl St.,Brockton,MA,02301,29
e4651f0b-060e-4756-b7fb-8b97c754dce5,515117f0-f62e-36da-90e9-a004b40b2260,Michale231 Steuber698,M,GENERAL PRACTICE,474 West Main Street,Hyannis,MA,02601,82
a2e0c102-9f2b-4c61-a0de-1ea8ffe33520,5b7aa5b4-aa6f-3acc-bd96-01ce774cb614,Micheal721 Rempel203,F,GENERAL PRACTICE,10 George Street  Gateway Center,Lowell,MA,01852,44
102b0e90-f699-411c-8ef7-5cd837be12b8,7c530dcd-43f3-3f87-b41b-9f704205e0f8,Donya787 Gleichner915,F,GENERAL PRACTICE,73 Huttleton Ave.  Unit 2,Fairhaven,MA,02719,132
6ae9dc8a-5903-42f4-a010-9e47e71a3bf8,78dbf052-6958-3c67-af45-b5a450b70fe4,Ardelia466 Mante251,F,GENERAL PRACTICE,95 Ashley Avenue  Suite A,West Springfield,MA,01089,147
2814ec7d-809b-4b3c-b570-f2175f970d2c,3a2242e0-de37-303b-bdfc-e160c7eae518,Weston546 Price929,M,GENERAL PRACTICE,255 Park Ave Suite # 900,Worcester,MA,01609,446
475e2c46-52f2-4af3-8a5e-ae56d6b86d5a,5f178592-5066-33f6-8594-e6f58caca21c,Jeremy766 Feil794,F,GENERAL PRACTICE,5 INDUSTRIAL DRIVE,MASHPEE,MA,2649,58
84f92473-b098-4a67-ae0f-b697b6d12e96,daff0685-8673-3a4a-b096-6e0c6284551d,Catalina187 Armijo730,F,GENERAL PRACTICE,289 PLEASANT STREET,FALL RIVER,MA,2721,293
e5ed6bfb-8230-4321-9038-e9195e2be0f4,829a88e4-565e-3a38-a0a6-94ade6404a38,Malisa137 Nikolaus26,F,GENERAL PRACTICE,140 NAUSET STREET,NEW BEDFORD,MA,2746,1520
6596a118-efd2-4e0b-af02-8c7fe81b7f4b,92819cdc-db9e-387e-8c4f-4b2b4e8b2e4f,Leanne251 Moen819,F,GENERAL PRACTICE,1230 BRIDGE STREET,LOWELL,MA,1850,2777
8f3f8d2c-c2f7-42dc-8b43-fd5cf3dbb6fe,0d1563c1-d56c-362e-9e3d-d74463ebbe0f,Hannah56 Pfannerstill264,F,GENERAL PRACTICE,629 PLEASANT STREET,BROCKTON,MA,2301,3514
c7bd816d-4cb3-4cdb-8865-8243e320bbfd,0c127383-39c2-30f2-bd62-448ea6fe1385,Tony646 Fahey393,M,GENERAL PRACTICE,210 WASHINGTON STREET,FAIRHAVEN,MA,2719,51
d517672b-f7d3-487b-b17c-60bb86acb71b,ad933cee-594c-3f13-b6ef-20f89ecd91ff,Darrick836 Halvorson124,M,GENERAL PRACTICE,1589 FALL RIVER AVENUE,SEEKONK,MA,2771,177
48c6ec6f-a11c-4325-a487-01dd8675b3ef,4e916854-3a59-3f17-bb16-7c406148d822,Gene733 O'Conner199,M,GENERAL PRACTICE,1399 WASHINGTON STREET,HANOVER,MA,2339,2198
5c0a7c26-bdc5-4cb1-939c-f8beeead2589,a76bda1d-f42d-3046-b8c6-021f3db0a086,Brenna468 Wehner319,F,GENERAL PRACTICE,808 MAIN STREET,WALTHAM,MA,2451,1260
93e4341e-a866-49b0-b9be-1708fb2ba31e,7116c200-6663-3503-8314-1ee16845e5d3,Matilde468 Grady603,F,GENERAL PRACTICE,85 PARKHURST ROAD,CHELMSFORD,MA,1824,1248
391c9ebe-f603-482a-9e84-8e240786ed32,3265f387-6c51-32ee-8f6d-b2a89caa34d5,Karlyn611 Hessel84,F,GENERAL PRACTICE,151 EVERETT AVENUE,CHELSEA,MA,2150,3633
79997801-b276-4adb-a6ec-023cf02df1e1,c63d0602-724d-3d74-958a-a31b1364eaef,America446 Turner526,F,GENERAL PRACTICE,111 GROSSMAN DRIVE,BRAINTREE,MA,2184,2573
5b4ab5ab-18a5-4813-af87-2ed2d605f3d2,f15cf8e0-db9a-39b1-b78f-8a6a01cf574b,Karl184 Doyle959,M,GENERAL PRACTICE,98 SHAKER ROAD,EAST LONGMEADOW,MA,1028,89
cc02f2d3-fd2d-4a28-ba8d-7fe309ae397f,ff9474cb-cf9c-350a-a22b-b949ee9793cf,Brendon298 Hartmann983,M,GENERAL PRACTICE,1515 ALLEN STREET,SPRINGFIELD,MA,1118,89
b3a72b93-5dfb-421c-84ba-6e1f241c814d,cbbee84d-7644-3b24-9f41-e3747f5050df,Elizabeth24 Mraz590,F,GENERAL PRACTICE,26 QUEEN STREET,WORCESTER,MA,1610,6125
d293d423-7507-4adf-88ac-5d8020b8114f,f1313c7d-3148-335b-adc3-337f15567b82,Judson999 Wilkinson796,M,GENERAL PRACTICE,500 SALEM STREET,WILMINGTON,MA,1887,2920
cd51fc3a-c119-4251-b2d8-d2c070486680,df5a38ee-e493-3572-8f92-bb695aef9891,Rudy520 Bayer639,M,GENERAL PRACTICE,489 BEARSES WAY,HYANNIS,MA,2601,408
8d45eeef-10f1-4cad-8314-61c0462cb60d,e3f1676b-9b40-3544-af4e-17a06bbb98bb,Danica886 McGlynn426,F,GENERAL PRACTICE,637 WASHINGTON STREET,DORCHESTER,MA,2124,239
2af92bed-201a-4951-b8e8-d383e822cd27,a43fb751-96fe-3496-8750-73f85651866d,Albertine688 Orn563,F,GENERAL PRACTICE,66B CONCORD STREET,WILMINGTON,MA,1887,925
8fe1be80-85e9-4810-a329-f97652ddea68,b81688f5-bd0e-3c99-963f-860d3e90ab5d,Lillian593 Anderson154,F,GENERAL PRACTICE,581 BOYLSTON STREET,BOSTON,MA,2116,1949
b2bd0e38-cbe4-4bf5-b553-a0cb03dbccdf,eeca3319-9cbf-382e-a7ee-43986c981135,Odis959 Bosco882,M,GENERAL PRACTICE,58 TREMONT STREET,TAUNTON,MA,2780,2180
fa28ca34-28dd-4fde-a96e-f5a5f611261e,6e62e63b-c39a-3211-99d8-8b8f0f06774e,Marilu588 Urías338,F,GENERAL PRACTICE,19 TACOMA STREET,WORCESTER,MA,1605,1530
8ca80b57-fe15-45b8-a942-f282414c6b64,62fa9127-485f-3032-87cc-6576d91fec94,Paula289 Reichert620,F,GENERAL PRACTICE,1 ESSEX CENTER DRIVE,PEABODY,MA,1960,6189
227737b9-9e90-42db-b64c-1031016f41cb,b60f8daf-0362-3c28-9b54-216e7f3e80bd,Carlota980 Heaney114,F,GENERAL PRACTICE,1 TROWBRIDGE ROAD,BUZZARDS BAY,MA,2532,402
7d3d8430-904b-4872-b91f-157d4228a050,d672f853-e2a5-324e-98fa-c6d5f8dfc255,Merle11 Powlowski563,M,GENERAL PRACTICE,9 HOPE AVENUE,WALTHAM,MA,2453,3861
b197d8ea-4dd0-4711-9c48-9641e9ecfe83,98d42012-384f-39d9-b210-cc654b9441f6,Brain142 Haley279,M,GENERAL PRACTICE,525 LONG POND DRIVE,HARWICH,MA,2645,188
45487d6a-95e1-45a0-aba1-8a6570a60e58,27f06acd-f732-3871-be87-889fef7d9010,Tiesha180 Huels583,F,GENERAL PRACTICE,489 BERNARDSTON ROAD,GREENFIELD,MA,1301,1203
6e046073-1d88-4e7e-9881-bcf29e0f8e68,7ffe74ac-786d-3c6d-bcb9-323352f6149c,Katherine209 Ritchie586,F,GENERAL PRACTICE,140 CARANDO DRIVE,SPRINGFIELD,MA,1104,1238
09fa0c24-68d9-4525-9767-cbae330ce699,b06770b5-b695-3c1a-9685-ae2223966ff7,Royal919 Balistreri607,M,GENERAL PRACTICE,66 SOUTH WASHINGTON STREET,NORTH ATTLEBORO,MA,2760,2324
65491e65-59c1-491a-9d34-6e91a717ba87,a9afd4c9-8443-3b5a-a486-07c3bb109b3f,Zack583 Herzog843,M,GENERAL PRACTICE,444 MONTGOMERY STREET,CHICOPEE,MA,1020,3122
11504286-a9b5-41e7-80a2-b0e793ea6e3a,9b5f23f1-c387-3a77-9359-752d26d7f997,Maudie129 Kirlin939,F,GENERAL PRACTICE,250 PARADISE ROAD,SWAMPSCOTT,MA,1907,4834
8687e7c4-9460-43f4-b0e0-05111ce4687b,108ccece-277a-396f-8bf2-1527f74458eb,Sergio619 Rodrígez614,M,GENERAL PRACTICE,51 LOCUST STREET,NORTHAMPTON,MA,1060,1782
2e2bb5c4-9ffc-40d2-871c-da65a3dd187b,f7a6cc79-3075-3124-9f62-6fe562440b1d,Norman647 Bins636,M,GENERAL PRACTICE,237 STATE ROAD,NORTH DARTMOUTH,MA,2747,87
1d7ba8fa-2cb6-4c96-b030-f3797b777997,0f7f97f6-693c-3de9-8190-85feaf4632e2,Gregg522 Johns824,M,GENERAL PRACTICE,1 HARBORSIDE DRIVE,EAST BOSTON,MA,2128,3882
c26c960e-f179-4751-ab17-7480f39c294d,700056a6-3aea-3efd-8423-a9acbd38a5ea,Corey514 Kunze215,M,GENERAL PRACTICE,106 UNITED STATES HIGHWAY 44,RAYNHAM,MA,2767,826
80d1fb8c-a744-4e36-a7ae-92a056170992,308b5efa-a9c2-3728-b1ff-d29c5f060731,Rubin812 Bashirian201,M,GENERAL PRACTICE,630 PLANTATION STREET,WORCESTER,MA,1605,820
1b059a5d-600d-4946-9ed8-6cb43b4e1da8,bbf934c6-faad-3483-a1d2-d2ecb693a0e2,Serena400 Collier206,F,GENERAL PRACTICE,309 TEATICKET HIGHWAY,TEATICKET,MA,2536,556
4d3013fe-62a8-4fcd-9e8c-4c977c5c5463,90cf148c-69ed-3d33-aa86-b509c6b0b25f,Isadora719 Konopelski743,F,GENERAL PRACTICE,170 GOVERNORS AVENUE,MEDFORD,MA,2155,4371
81d780c1-6bd7-4ce1-92a3-525c430b0da8,1aedcb45-c507-3ad0-9010-6583d264ae72,Daniella68 Roob72,F,GENERAL PRACTICE,67 GRAND ARMY OF THE REPUBLIC HIGHWAY,SOMERSET,MA,2726,72
